{
    "GRAPPA": {
        "offset": [
            0,
            1,
            2,
            3,
            4,
            5,
            6,
            7,
            8,
            9,
            10,
            11,
            12,
            13,
            14,
            15
        ],
        "psnr": [
            36.75132727775208,
            38.84843401919466,
            39.01347588464416,
            37.66224387328021,
            38.6154518661982,
            38.54154121082268,
            38.64422972688048,
            37.39681080874734,
            39.41818948108259,
            39.365719413049376,
            36.26240744099949,
            34.93694412750584,
            34.12247564076506,
            33.59593813887549,
            33.09255953065368,
            32.706755836692736
        ],
        "nrmse": [
            0.18678490753752577,
            0.19095713865143277,
            0.19527524457646717,
            0.2527328922110277,
            0.21359359994541144,
            0.2193776803440829,
            0.23774931912651173,
            0.31077425116339874,
            0.2684765162257387,
            0.2633975885978053,
            0.31602052315608437,
            0.34025612196275046,
            0.3555589038116867,
            0.3654940901276138,
            0.3754188882310755,
            0.38298539699003753
        ],
        "ssim": [
            0.9125504434401789,
            0.9436493624005866,
            0.9483150678342259,
            0.9329772354576158,
            0.9403597829812779,
            0.9520861360545472,
            0.9598095680281591,
            0.9563219100736241,
            0.9566760143357177,
            0.9603020866425931,
            0.9419199577743544,
            0.93202992508291,
            0.9248576223428437,
            0.9205447801131592,
            0.9152615027922809,
            0.911944860372664
        ]
    },
    "ZFIL": {
        "offset": [
            0,
            1,
            2,
            3,
            4,
            5,
            6,
            7,
            8,
            9,
            10,
            11,
            12,
            13,
            14,
            15
        ],
        "psnr": [
            24.529900321883296,
            27.19197220525194,
            27.604590932111147,
            28.581183906731816,
            27.963430639012326,
            28.266078505458438,
            29.214844858542726,
            30.447117083892774,
            31.107228885173974,
            31.0562349657254,
            29.26819806832762,
            28.481182048015317,
            27.974192448169045,
            27.63386082842853,
            27.31636849437454,
            27.060352047988307
        ],
        "nrmse": [
            0.7628042947457112,
            0.7307334519139544,
            0.7262588506962033,
            0.7189766161012525,
            0.7280970925807784,
            0.7160866467748402,
            0.7040257197997168,
            0.6917190158390395,
            0.6989632362744731,
            0.6856240087759629,
            0.707010325257195,
            0.715474322112916,
            0.7216485082809388,
            0.7260795825780328,
            0.7300047248762334,
            0.7336727761375545
        ],
        "ssim": [
            0.6833108010700479,
            0.7180643929037265,
            0.7241262009081756,
            0.7598965562107789,
            0.7398526632980824,
            0.7268259303094775,
            0.7408023770185362,
            0.7582210441060102,
            0.790588844543562,
            0.7759292589851455,
            0.7462037068502854,
            0.7345165423054911,
            0.7284216301446205,
            0.7241957323343524,
            0.7207477561398341,
            0.7173841407771913
        ]
    },
    "CENTERK": {
        "offset": [
            0,
            1,
            2,
            3,
            4,
            5,
            6,
            7,
            8,
            9,
            10,
            11,
            12,
            13,
            14,
            15
        ],
        "psnr": [
            12.11326137665889,
            19.48773755329844,
            19.84839727492955,
            20.063721556665687,
            20.65425157280302,
            21.1800808792677,
            21.645614101688846,
            21.990507272916446,
            21.854762964569083,
            21.776992497822796,
            21.707547388308758,
            21.215666080166873,
            20.697854533421843,
            20.231535300200317,
            19.845616536043018,
            19.51048545543091
        ],
        "nrmse": [
            3.1859949039868405,
            1.7740698768341363,
            1.7737855837910617,
            1.9168489141654428,
            1.6890723404387857,
            1.619069369423732,
            1.6828680418410604,
            1.8313029940630565,
            2.02804519754056,
            1.9954834970035766,
            1.688333704018392,
            1.6514668109857233,
            1.667794794417109,
            1.7025524538268284,
            1.7252946236326254,
            1.749829500072382
        ],
        "ssim": [
            0.36528025917017215,
            0.5968032216670952,
            0.6105453090505559,
            0.5867606483180648,
            0.6351622271180257,
            0.6757533943544441,
            0.6881290746868264,
            0.6931932617056965,
            0.6569626337131911,
            0.6622579422150872,
            0.685887229047826,
            0.6695546364172871,
            0.648600839779066,
            0.62941055440466,
            0.6147529988547156,
            0.6002907512778042
        ]
    },
    "NN": {
        "offset": [
            0,
            1,
            2,
            3,
            4,
            5,
            6,
            7,
            8,
            9,
            10,
            11,
            12,
            13,
            14,
            15
        ],
        "psnr": [
            41.157450681127216,
            41.250262766073725,
            40.99817954796193,
            38.729380593494504,
            40.23969131538842,
            40.306503691830784,
            39.83824332668625,
            38.41417072871023,
            42.10686141827283,
            41.34455058527551,
            37.498267112499285,
            35.985220643712445,
            35.04970931122169,
            34.48684977856695,
            33.89367282319927,
            33.46710009028686
        ],
        "nrmse": [
            0.11246971939023713,
            0.1448253081141604,
            0.15538604299906514,
            0.22351410323801685,
            0.1771643205637716,
            0.17903762822832195,
            0.2072137650490166,
            0.27642481821540776,
            0.19700293973732225,
            0.20973467435356094,
            0.2741083744405288,
            0.30157276789595067,
            0.31955813294356167,
            0.3298638906296749,
            0.3423422136821197,
            0.3508851610011213
        ],
        "ssim": [
            0.9819832361753442,
            0.9811066225555625,
            0.9807819637137869,
            0.9681281992446651,
            0.9761779451743646,
            0.9795640291726345,
            0.9786902449321186,
            0.9699354934824027,
            0.9775791795196052,
            0.9791983488426796,
            0.9700181827731797,
            0.9652506576206423,
            0.9606808695689548,
            0.9579452301755914,
            0.9544174635852903,
            0.9515401483330234
        ]
    }
}